"(PDH-CSV 4.0) (","\\YUUSUKE-VAIO\Cache\Data Maps/sec","\\YUUSUKE-VAIO\Cache\Sync Data Maps/sec","\\YUUSUKE-VAIO\Cache\Async Data Maps/sec","\\YUUSUKE-VAIO\Cache\Data Map Hits %","\\YUUSUKE-VAIO\Cache\Data Map Pins/sec","\\YUUSUKE-VAIO\Cache\Pin Reads/sec","\\YUUSUKE-VAIO\Cache\Sync Pin Reads/sec","\\YUUSUKE-VAIO\Cache\Async Pin Reads/sec","\\YUUSUKE-VAIO\Cache\Pin Read Hits %","\\YUUSUKE-VAIO\Cache\Copy Reads/sec","\\YUUSUKE-VAIO\Cache\Sync Copy Reads/sec","\\YUUSUKE-VAIO\Cache\Async Copy Reads/sec","\\YUUSUKE-VAIO\Cache\Copy Read Hits %","\\YUUSUKE-VAIO\Cache\MDL Reads/sec","\\YUUSUKE-VAIO\Cache\Sync MDL Reads/sec","\\YUUSUKE-VAIO\Cache\Async MDL Reads/sec","\\YUUSUKE-VAIO\Cache\MDL Read Hits %","\\YUUSUKE-VAIO\Cache\Read Aheads/sec","\\YUUSUKE-VAIO\Cache\Fast Reads/sec","\\YUUSUKE-VAIO\Cache\Sync Fast Reads/sec","\\YUUSUKE-VAIO\Cache\Async Fast Reads/sec","\\YUUSUKE-VAIO\Cache\Fast Read Resource Misses/sec","\\YUUSUKE-VAIO\Cache\Fast Read Not Possibles/sec","\\YUUSUKE-VAIO\Cache\Lazy Write Flushes/sec","\\YUUSUKE-VAIO\Cache\Lazy Write Pages/sec","\\YUUSUKE-VAIO\Cache\Data Flushes/sec","\\YUUSUKE-VAIO\Cache\Data Flush Pages/sec","\\YUUSUKE-VAIO\Cache\Dirty Pages","\\YUUSUKE-VAIO\Cache\Dirty Page Threshold","\\YUUSUKE-VAIO\Database(svchost)\Defragmentation Tasks","\\YUUSUKE-VAIO\Database(svchost)\Defragmentation Tasks Pending","\\YUUSUKE-VAIO\Database(svchost)\Sessions In Use","\\YUUSUKE-VAIO\Database(svchost)\Sessions % Used","\\YUUSUKE-VAIO\Database(svchost)\Table Open Cache % Hit","\\YUUSUKE-VAIO\Database(svchost)\Table Open Cache Hits/sec","\\YUUSUKE-VAIO\Database(svchost)\Table Open Cache Misses/sec","\\YUUSUKE-VAIO\Database(svchost)\Table Opens/sec","\\YUUSUKE-VAIO\Database(svchost)\Table Closes/sec","\\YUUSUKE-VAIO\Database(svchost)\Tables Open","\\YUUSUKE-VAIO\Database(svchost)\Log Bytes Write/sec","\\YUUSUKE-VAIO\Database(svchost)\Log Bytes Generated/sec","\\YUUSUKE-VAIO\Database(svchost)\Log Threads Waiting","\\YUUSUKE-VAIO\Database(svchost)\Log Writes/sec","\\YUUSUKE-VAIO\Database(svchost)\Log Record Stalls/sec","\\YUUSUKE-VAIO\Database(svchost)\Version Buckets Allocated","\\YUUSUKE-VAIO\Database(svchost)\Database Cache Misses/sec","\\YUUSUKE-VAIO\Database(svchost)\Database Cache % Hit","\\YUUSUKE-VAIO\Database(svchost)\Database Cache % Hit (Uncorrelated)","\\YUUSUKE-VAIO\Database(svchost)\Database Cache Requests/sec","\\YUUSUKE-VAIO\Database(svchost)\Database Page Faults/sec","\\YUUSUKE-VAIO\Database(svchost)\Database Page Evictions/sec","\\YUUSUKE-VAIO\Database(svchost)\Database Page Fault Stalls/sec","\\YUUSUKE-VAIO\Database(svchost)\Database Cache Size (MB)","\\YUUSUKE-VAIO\Database(svchost)\Database Cache Size","\\YUUSUKE-VAIO\Database(svchost)\Database Cache Size Effective (MB)","\\YUUSUKE-VAIO\Database(svchost)\Database Cache Size Effective","\\YUUSUKE-VAIO\Database(svchost)\Database Cache Memory Committed (MB)","\\YUUSUKE-VAIO\Database(svchost)\Database Cache Memory Committed","\\YUUSUKE-VAIO\Database(svchost)\Database Cache Memory Reserved (MB)","\\YUUSUKE-VAIO\Database(svchost)\Database Cache Memory Reserved","\\YUUSUKE-VAIO\Database(svchost)\Database Cache Size Resident","\\YUUSUKE-VAIO\Database(svchost)\Database Cache Size Resident (MB)","\\YUUSUKE-VAIO\Database(svchost)\Database Cache % Dehydrated","\\YUUSUKE-VAIO\Database(svchost)\Database Maintenance Duration","\\YUUSUKE-VAIO\Database(svchost)\Database Maintenance Pages Bad Checksums","\\YUUSUKE-VAIO\Database(svchost)\I/O Database Reads (Attached)/sec","\\YUUSUKE-VAIO\Database(svchost)\I/O Database Reads (Attached) Average Latency","\\YUUSUKE-VAIO\Database(svchost)\I/O Database Reads (Recovery)/sec","\\YUUSUKE-VAIO\Database(svchost)\I/O Database Reads (Recovery) Average Latency","\\YUUSUKE-VAIO\Database(svchost)\I/O Database Reads/sec","\\YUUSUKE-VAIO\Database(svchost)\I/O Database Reads Average Latency","\\YUUSUKE-VAIO\Database(svchost)\I/O Log Reads/sec","\\YUUSUKE-VAIO\Database(svchost)\I/O Log Reads Average Latency","\\YUUSUKE-VAIO\Database(svchost)\I/O Database Writes (Attached)/sec","\\YUUSUKE-VAIO\Database(svchost)\I/O Database Writes (Attached) Average Latency","\\YUUSUKE-VAIO\Database(svchost)\I/O Database Writes (Recovery)/sec","\\YUUSUKE-VAIO\Database(svchost)\I/O Database Writes (Recovery) Average Latency","\\YUUSUKE-VAIO\Database(svchost)\I/O Database Writes/sec","\\YUUSUKE-VAIO\Database(svchost)\I/O Database Writes Average Latency","\\YUUSUKE-VAIO\Database(svchost)\I/O Flush Map Writes/sec","\\YUUSUKE-VAIO\Database(svchost)\I/O Flush Map Writes Average Latency","\\YUUSUKE-VAIO\Database(svchost)\I/O Log Writes/sec","\\YUUSUKE-VAIO\Database(svchost)\I/O Log Writes Average Latency","\\YUUSUKE-VAIO\Database(svchost)\Database Cache Miss (Attached) Average Latency","\\YUUSUKE-VAIO\Database(SearchIndexer)\Defragmentation Tasks","\\YUUSUKE-VAIO\Database(SearchIndexer)\Defragmentation Tasks Pending","\\YUUSUKE-VAIO\Database(SearchIndexer)\Sessions In Use","\\YUUSUKE-VAIO\Database(SearchIndexer)\Sessions % Used","\\YUUSUKE-VAIO\Database(SearchIndexer)\Table Open Cache % Hit","\\YUUSUKE-VAIO\Database(SearchIndexer)\Table Open Cache Hits/sec","\\YUUSUKE-VAIO\Database(SearchIndexer)\Table Open Cache Misses/sec","\\YUUSUKE-VAIO\Database(SearchIndexer)\Table Opens/sec","\\YUUSUKE-VAIO\Database(SearchIndexer)\Table Closes/sec","\\YUUSUKE-VAIO\Database(SearchIndexer)\Tables Open","\\YUUSUKE-VAIO\Database(SearchIndexer)\Log Bytes Write/sec","\\YUUSUKE-VAIO\Database(SearchIndexer)\Log Bytes Generated/sec","\\YUUSUKE-VAIO\Database(SearchIndexer)\Log Threads Waiting","\\YUUSUKE-VAIO\Database(SearchIndexer)\Log Writes/sec","\\YUUSUKE-VAIO\Database(SearchIndexer)\Log Record Stalls/sec","\\YUUSUKE-VAIO\Database(SearchIndexer)\Version Buckets Allocated","\\YUUSUKE-VAIO\Database(SearchIndexer)\Database Cache Misses/sec","\\YUUSUKE-VAIO\Database(SearchIndexer)\Database Cache % Hit","\\YUUSUKE-VAIO\Database(SearchIndexer)\Database Cache % Hit (Uncorrelated)","\\YUUSUKE-VAIO\Database(SearchIndexer)\Database Cache Requests/sec","\\YUUSUKE-VAIO\Database(SearchIndexer)\Database Page Faults/sec","\\YUUSUKE-VAIO\Database(SearchIndexer)\Database Page Evictions/sec","\\YUUSUKE-VAIO\Database(SearchIndexer)\Database Page Fault Stalls/sec","\\YUUSUKE-VAIO\Database(SearchIndexer)\Database Cache Size (MB)","\\YUUSUKE-VAIO\Database(SearchIndexer)\Database Cache Size","\\YUUSUKE-VAIO\Database(SearchIndexer)\Database Cache Size Effective (MB)","\\YUUSUKE-VAIO\Database(SearchIndexer)\Database Cache Size Effective","\\YUUSUKE-VAIO\Database(SearchIndexer)\Database Cache Memory Committed (MB)","\\YUUSUKE-VAIO\Database(SearchIndexer)\Database Cache Memory Committed","\\YUUSUKE-VAIO\Database(SearchIndexer)\Database Cache Memory Reserved (MB)","\\YUUSUKE-VAIO\Database(SearchIndexer)\Database Cache Memory Reserved","\\YUUSUKE-VAIO\Database(SearchIndexer)\Database Cache Size Resident","\\YUUSUKE-VAIO\Database(SearchIndexer)\Database Cache Size Resident (MB)","\\YUUSUKE-VAIO\Database(SearchIndexer)\Database Cache % Dehydrated","\\YUUSUKE-VAIO\Database(SearchIndexer)\Database Maintenance Duration","\\YUUSUKE-VAIO\Database(SearchIndexer)\Database Maintenance Pages Bad Checksums","\\YUUSUKE-VAIO\Database(SearchIndexer)\I/O Database Reads (Attached)/sec","\\YUUSUKE-VAIO\Database(SearchIndexer)\I/O Database Reads (Attached) Average Latency","\\YUUSUKE-VAIO\Database(SearchIndexer)\I/O Database Reads (Recovery)/sec","\\YUUSUKE-VAIO\Database(SearchIndexer)\I/O Database Reads (Recovery) Average Latency","\\YUUSUKE-VAIO\Database(SearchIndexer)\I/O Database Reads/sec","\\YUUSUKE-VAIO\Database(SearchIndexer)\I/O Database Reads Average Latency","\\YUUSUKE-VAIO\Database(SearchIndexer)\I/O Log Reads/sec","\\YUUSUKE-VAIO\Database(SearchIndexer)\I/O Log Reads Average Latency","\\YUUSUKE-VAIO\Database(SearchIndexer)\I/O Database Writes (Attached)/sec","\\YUUSUKE-VAIO\Database(SearchIndexer)\I/O Database Writes (Attached) Average Latency","\\YUUSUKE-VAIO\Database(SearchIndexer)\I/O Database Writes (Recovery)/sec","\\YUUSUKE-VAIO\Database(SearchIndexer)\I/O Database Writes (Recovery) Average Latency","\\YUUSUKE-VAIO\Database(SearchIndexer)\I/O Database Writes/sec","\\YUUSUKE-VAIO\Database(SearchIndexer)\I/O Database Writes Average Latency","\\YUUSUKE-VAIO\Database(SearchIndexer)\I/O Flush Map Writes/sec","\\YUUSUKE-VAIO\Database(SearchIndexer)\I/O Flush Map Writes Average Latency","\\YUUSUKE-VAIO\Database(SearchIndexer)\I/O Log Writes/sec","\\YUUSUKE-VAIO\Database(SearchIndexer)\I/O Log Writes Average Latency","\\YUUSUKE-VAIO\Database(SearchIndexer)\Database Cache Miss (Attached) Average Latency","\\YUUSUKE-VAIO\Memory\Page Faults/sec","\\YUUSUKE-VAIO\Memory\Available Bytes","\\YUUSUKE-VAIO\Memory\Committed Bytes","\\YUUSUKE-VAIO\Memory\Commit Limit","\\YUUSUKE-VAIO\Memory\Write Copies/sec","\\YUUSUKE-VAIO\Memory\Transition Faults/sec","\\YUUSUKE-VAIO\Memory\Cache Faults/sec","\\YUUSUKE-VAIO\Memory\Demand Zero Faults/sec","\\YUUSUKE-VAIO\Memory\Pages/sec","\\YUUSUKE-VAIO\Memory\Pages Input/sec","\\YUUSUKE-VAIO\Memory\Page Reads/sec","\\YUUSUKE-VAIO\Memory\Pages Output/sec","\\YUUSUKE-VAIO\Memory\Pool Paged Bytes","\\YUUSUKE-VAIO\Memory\Pool Nonpaged Bytes","\\YUUSUKE-VAIO\Memory\Page Writes/sec","\\YUUSUKE-VAIO\Memory\Pool Paged Allocs","\\YUUSUKE-VAIO\Memory\Pool Nonpaged Allocs","\\YUUSUKE-VAIO\Memory\Free System Page Table Entries","\\YUUSUKE-VAIO\Memory\Cache Bytes","\\YUUSUKE-VAIO\Memory\Cache Bytes Peak","\\YUUSUKE-VAIO\Memory\Pool Paged Resident Bytes","\\YUUSUKE-VAIO\Memory\System Code Total Bytes","\\YUUSUKE-VAIO\Memory\System Code Resident Bytes","\\YUUSUKE-VAIO\Memory\System Driver Total Bytes","\\YUUSUKE-VAIO\Memory\System Driver Resident Bytes","\\YUUSUKE-VAIO\Memory\System Cache Resident Bytes","\\YUUSUKE-VAIO\Memory\% Committed Bytes In Use","\\YUUSUKE-VAIO\Memory\Available KBytes","\\YUUSUKE-VAIO\Memory\Available MBytes","\\YUUSUKE-VAIO\Memory\Transition Pages RePurposed/sec","\\YUUSUKE-VAIO\Memory\Free & Zero Page List Bytes","\\YUUSUKE-VAIO\Memory\Modified Page List Bytes","\\YUUSUKE-VAIO\Memory\Standby Cache Reserve Bytes","\\YUUSUKE-VAIO\Memory\Standby Cache Normal Priority Bytes","\\YUUSUKE-VAIO\Memory\Standby Cache Core Bytes","\\YUUSUKE-VAIO\Memory\Long-Term Average Standby Cache Lifetime (s)","\\YUUSUKE-VAIO\MSSQL$INS_NISHI2016:Buffer Manager\Buffer cache hit ratio","\\YUUSUKE-VAIO\MSSQL$INS_NISHI2016:Buffer Manager\Page lookups/sec","\\YUUSUKE-VAIO\MSSQL$INS_NISHI2016:Buffer Manager\Free list stalls/sec","\\YUUSUKE-VAIO\MSSQL$INS_NISHI2016:Buffer Manager\Database pages","\\YUUSUKE-VAIO\MSSQL$INS_NISHI2016:Buffer Manager\Target pages","\\YUUSUKE-VAIO\MSSQL$INS_NISHI2016:Buffer Manager\Integral Controller Slope","\\YUUSUKE-VAIO\MSSQL$INS_NISHI2016:Buffer Manager\Lazy writes/sec","\\YUUSUKE-VAIO\MSSQL$INS_NISHI2016:Buffer Manager\Readahead pages/sec","\\YUUSUKE-VAIO\MSSQL$INS_NISHI2016:Buffer Manager\Readahead time/sec","\\YUUSUKE-VAIO\MSSQL$INS_NISHI2016:Buffer Manager\Page reads/sec","\\YUUSUKE-VAIO\MSSQL$INS_NISHI2016:Buffer Manager\Page writes/sec","\\YUUSUKE-VAIO\MSSQL$INS_NISHI2016:Buffer Manager\Checkpoint pages/sec","\\YUUSUKE-VAIO\MSSQL$INS_NISHI2016:Buffer Manager\Background writer pages/sec","\\YUUSUKE-VAIO\MSSQL$INS_NISHI2016:Buffer Manager\Page life expectancy","\\YUUSUKE-VAIO\MSSQL$INS_NISHI2016:Buffer Manager\Extension page writes/sec","\\YUUSUKE-VAIO\MSSQL$INS_NISHI2016:Buffer Manager\Extension page reads/sec","\\YUUSUKE-VAIO\MSSQL$INS_NISHI2016:Buffer Manager\Extension outstanding IO counter","\\YUUSUKE-VAIO\MSSQL$INS_NISHI2016:Buffer Manager\Extension page evictions/sec","\\YUUSUKE-VAIO\MSSQL$INS_NISHI2016:Buffer Manager\Extension allocated pages","\\YUUSUKE-VAIO\MSSQL$INS_NISHI2016:Buffer Manager\Extension free pages","\\YUUSUKE-VAIO\MSSQL$INS_NISHI2016:Buffer Manager\Extension in use as percentage","\\YUUSUKE-VAIO\MSSQL$INS_NISHI2016:Buffer Manager\Extension page unreferenced time","\\YUUSUKE-VAIO\MSSQL$INS_NISHI2016:Databases(_Total)\Data File(s) Size (KB)","\\YUUSUKE-VAIO\MSSQL$INS_NISHI2016:Databases(_Total)\Log File(s) Size (KB)","\\YUUSUKE-VAIO\MSSQL$INS_NISHI2016:Databases(_Total)\Log File(s) Used Size (KB)","\\YUUSUKE-VAIO\MSSQL$INS_NISHI2016:Databases(_Total)\Percent Log Used","\\YUUSUKE-VAIO\MSSQL$INS_NISHI2016:Databases(_Total)\XTP Memory Used (KB)","\\YUUSUKE-VAIO\MSSQL$INS_NISHI2016:Databases(_Total)\XTP コントローラーの処理ログ数/秒","\\YUUSUKE-VAIO\MSSQL$INS_NISHI2016:Databases(_Total)\XTP コントローラーの DLC 待機時間/フェッチ","\\YUUSUKE-VAIO\MSSQL$INS_NISHI2016:Databases(_Total)\XTP コントローラーの DLC ピーク待機時間","\\YUUSUKE-VAIO\MSSQL$INS_NISHI2016:Databases(_Total)\Active Transactions","\\YUUSUKE-VAIO\MSSQL$INS_NISHI2016:Databases(_Total)\Transactions/sec","\\YUUSUKE-VAIO\MSSQL$INS_NISHI2016:Databases(_Total)\Repl. Pending Xacts","\\YUUSUKE-VAIO\MSSQL$INS_NISHI2016:Databases(_Total)\Repl. Trans. Rate","\\YUUSUKE-VAIO\MSSQL$INS_NISHI2016:Databases(_Total)\Log Cache Reads/sec","\\YUUSUKE-VAIO\MSSQL$INS_NISHI2016:Databases(_Total)\Log Cache Hit Ratio","\\YUUSUKE-VAIO\MSSQL$INS_NISHI2016:Databases(_Total)\Log Pool Requests/sec","\\YUUSUKE-VAIO\MSSQL$INS_NISHI2016:Databases(_Total)\Log Pool Requests Old VLF/sec","\\YUUSUKE-VAIO\MSSQL$INS_NISHI2016:Databases(_Total)\Avg Dist From EOL/LP Request","\\YUUSUKE-VAIO\MSSQL$INS_NISHI2016:Databases(_Total)\Log Pool Cache Misses/sec","\\YUUSUKE-VAIO\MSSQL$INS_NISHI2016:Databases(_Total)\Log Pool Req. Behind Trunc/sec","\\YUUSUKE-VAIO\MSSQL$INS_NISHI2016:Databases(_Total)\Log Pool Push Empty FreePool/sec","\\YUUSUKE-VAIO\MSSQL$INS_NISHI2016:Databases(_Total)\Log Pool Push Low Memory/sec","\\YUUSUKE-VAIO\MSSQL$INS_NISHI2016:Databases(_Total)\Log Pool Push No Free Buffer/sec","\\YUUSUKE-VAIO\MSSQL$INS_NISHI2016:Databases(_Total)\Log Pool LogWriter Pushes/sec","\\YUUSUKE-VAIO\MSSQL$INS_NISHI2016:Databases(_Total)\Log Pool Log Scan Pushes/sec","\\YUUSUKE-VAIO\MSSQL$INS_NISHI2016:Databases(_Total)\Log Pool Hash Inserts/sec","\\YUUSUKE-VAIO\MSSQL$INS_NISHI2016:Databases(_Total)\Log Pool Hash Deletes/sec","\\YUUSUKE-VAIO\MSSQL$INS_NISHI2016:Databases(_Total)\Log Pool Invalid Hash Entry/sec","\\YUUSUKE-VAIO\MSSQL$INS_NISHI2016:Databases(_Total)\Log Pool Disk Reads/sec","\\YUUSUKE-VAIO\MSSQL$INS_NISHI2016:Databases(_Total)\Log Pool Total Active Log Size","\\YUUSUKE-VAIO\MSSQL$INS_NISHI2016:Databases(_Total)\Log Pool Total Shared Pool Size","\\YUUSUKE-VAIO\MSSQL$INS_NISHI2016:Databases(_Total)\Bulk Copy Rows/sec","\\YUUSUKE-VAIO\MSSQL$INS_NISHI2016:Databases(_Total)\Bulk Copy Throughput/sec","\\YUUSUKE-VAIO\MSSQL$INS_NISHI2016:Databases(_Total)\Backup/Restore Throughput/sec","\\YUUSUKE-VAIO\MSSQL$INS_NISHI2016:Databases(_Total)\DBCC Logical Scan Bytes/sec","\\YUUSUKE-VAIO\MSSQL$INS_NISHI2016:Databases(_Total)\Shrink Data Movement Bytes/sec","\\YUUSUKE-VAIO\MSSQL$INS_NISHI2016:Databases(_Total)\Log Flushes/sec","\\YUUSUKE-VAIO\MSSQL$INS_NISHI2016:Databases(_Total)\Log Bytes Flushed/sec","\\YUUSUKE-VAIO\MSSQL$INS_NISHI2016:Databases(_Total)\Log Flush Waits/sec","\\YUUSUKE-VAIO\MSSQL$INS_NISHI2016:Databases(_Total)\Log Flush Wait Time","\\YUUSUKE-VAIO\MSSQL$INS_NISHI2016:Databases(_Total)\Group Commit Time/sec","\\YUUSUKE-VAIO\MSSQL$INS_NISHI2016:Databases(_Total)\Log Flush Write Time (ms)","\\YUUSUKE-VAIO\MSSQL$INS_NISHI2016:Databases(_Total)\Log Truncations","\\YUUSUKE-VAIO\MSSQL$INS_NISHI2016:Databases(_Total)\Log Growths","\\YUUSUKE-VAIO\MSSQL$INS_NISHI2016:Databases(_Total)\Log Shrinks","\\YUUSUKE-VAIO\MSSQL$INS_NISHI2016:Databases(_Total)\Tracked transactions/sec","\\YUUSUKE-VAIO\MSSQL$INS_NISHI2016:Databases(_Total)\Write Transactions/sec","\\YUUSUKE-VAIO\MSSQL$INS_NISHI2016:Databases(_Total)\Commit table entries","\\YUUSUKE-VAIO\MSSQL$INS_NISHI2016:Memory Manager\External benefit of memory","\\YUUSUKE-VAIO\MSSQL$INS_NISHI2016:Memory Manager\Connection Memory (KB)","\\YUUSUKE-VAIO\MSSQL$INS_NISHI2016:Memory Manager\Database Cache Memory (KB)","\\YUUSUKE-VAIO\MSSQL$INS_NISHI2016:Memory Manager\Free Memory (KB)","\\YUUSUKE-VAIO\MSSQL$INS_NISHI2016:Memory Manager\Granted Workspace Memory (KB)","\\YUUSUKE-VAIO\MSSQL$INS_NISHI2016:Memory Manager\Lock Memory (KB)","\\YUUSUKE-VAIO\MSSQL$INS_NISHI2016:Memory Manager\Lock Blocks Allocated","\\YUUSUKE-VAIO\MSSQL$INS_NISHI2016:Memory Manager\Lock Owner Blocks Allocated","\\YUUSUKE-VAIO\MSSQL$INS_NISHI2016:Memory Manager\Lock Blocks","\\YUUSUKE-VAIO\MSSQL$INS_NISHI2016:Memory Manager\Lock Owner Blocks","\\YUUSUKE-VAIO\MSSQL$INS_NISHI2016:Memory Manager\Maximum Workspace Memory (KB)","\\YUUSUKE-VAIO\MSSQL$INS_NISHI2016:Memory Manager\Memory Grants Outstanding","\\YUUSUKE-VAIO\MSSQL$INS_NISHI2016:Memory Manager\Memory Grants Pending","\\YUUSUKE-VAIO\MSSQL$INS_NISHI2016:Memory Manager\Optimizer Memory (KB)","\\YUUSUKE-VAIO\MSSQL$INS_NISHI2016:Memory Manager\Reserved Server Memory (KB)","\\YUUSUKE-VAIO\MSSQL$INS_NISHI2016:Memory Manager\SQL Cache Memory (KB)","\\YUUSUKE-VAIO\MSSQL$INS_NISHI2016:Memory Manager\Stolen Server Memory (KB)","\\YUUSUKE-VAIO\MSSQL$INS_NISHI2016:Memory Manager\Log Pool Memory (KB)","\\YUUSUKE-VAIO\MSSQL$INS_NISHI2016:Memory Manager\Target Server Memory (KB)","\\YUUSUKE-VAIO\MSSQL$INS_NISHI2016:Memory Manager\Total Server Memory (KB)","\\YUUSUKE-VAIO\MSSQL$INS_NISHI2016:Plan Cache(_Total)\Cache Hit Ratio","\\YUUSUKE-VAIO\MSSQL$INS_NISHI2016:Plan Cache(_Total)\Cache Pages","\\YUUSUKE-VAIO\MSSQL$INS_NISHI2016:Plan Cache(_Total)\Cache Object Counts","\\YUUSUKE-VAIO\MSSQL$INS_NISHI2016:Plan Cache(_Total)\Cache Objects in use","\\YUUSUKE-VAIO\MSSQL$INS_NISHI2016:Query Store(_Total)\Query Store CPU usage","\\YUUSUKE-VAIO\MSSQL$INS_NISHI2016:Query Store(_Total)\Query Store physical reads","\\YUUSUKE-VAIO\MSSQL$INS_NISHI2016:Query Store(_Total)\Query Store logical reads","\\YUUSUKE-VAIO\MSSQL$INS_NISHI2016:Query Store(_Total)\Query Store logical writes","\\YUUSUKE-VAIO\MSSQL$INS_NISHI2016:SQL Statistics\Batch Requests/sec","\\YUUSUKE-VAIO\MSSQL$INS_NISHI2016:SQL Statistics\Forced Parameterizations/sec","\\YUUSUKE-VAIO\MSSQL$INS_NISHI2016:SQL Statistics\Auto-Param Attempts/sec","\\YUUSUKE-VAIO\MSSQL$INS_NISHI2016:SQL Statistics\Failed Auto-Params/sec","\\YUUSUKE-VAIO\MSSQL$INS_NISHI2016:SQL Statistics\Safe Auto-Params/sec","\\YUUSUKE-VAIO\MSSQL$INS_NISHI2016:SQL Statistics\Unsafe Auto-Params/sec","\\YUUSUKE-VAIO\MSSQL$INS_NISHI2016:SQL Statistics\SQL Compilations/sec","\\YUUSUKE-VAIO\MSSQL$INS_NISHI2016:SQL Statistics\SQL Re-Compilations/sec","\\YUUSUKE-VAIO\MSSQL$INS_NISHI2016:SQL Statistics\SQL Attention rate","\\YUUSUKE-VAIO\MSSQL$INS_NISHI2016:SQL Statistics\Guided plan executions/sec","\\YUUSUKE-VAIO\MSSQL$INS_NISHI2016:SQL Statistics\Misguided plan executions/sec","\\YUUSUKE-VAIO\Processor(_Total)\% Processor Time","\\YUUSUKE-VAIO\Processor(_Total)\% User Time","\\YUUSUKE-VAIO\Processor(_Total)\% Privileged Time","\\YUUSUKE-VAIO\Processor(_Total)\Interrupts/sec","\\YUUSUKE-VAIO\Processor(_Total)\% DPC Time","\\YUUSUKE-VAIO\Processor(_Total)\% Interrupt Time","\\YUUSUKE-VAIO\Processor(_Total)\DPCs Queued/sec","\\YUUSUKE-VAIO\Processor(_Total)\DPC Rate","\\YUUSUKE-VAIO\Processor(_Total)\% Idle Time","\\YUUSUKE-VAIO\Processor(_Total)\% C1 Time","\\YUUSUKE-VAIO\Processor(_Total)\% C2 Time","\\YUUSUKE-VAIO\Processor(_Total)\% C3 Time","\\YUUSUKE-VAIO\Processor(_Total)\C1 Transitions/sec","\\YUUSUKE-VAIO\Processor(_Total)\C2 Transitions/sec","\\YUUSUKE-VAIO\Processor(_Total)\C3 Transitions/sec"
"07/22/2016 20:39:05.150"," "," "," "," "," "," "," "," "," "," "," "," "," "," "," "," "," "," "," "," "," "," "," "," "," "," "," ","293","50047","0","0","6","7.0588235294117645"," "," "," "," "," ","0"," "," ","0"," "," ","0"," "," "," "," "," "," "," ","0","4096","0","4096","0","8192","32","33554432","8192","0","0","0","0"," "," "," "," "," "," "," "," "," "," "," "," "," "," "," "," "," "," "," ","0","0","49","0.16295852871728359"," "," "," "," "," ","4294893363"," "," ","0"," "," ","1"," "," "," "," "," "," "," ","9","10321920","9","10321920","10","10485760","0","0","10485760","10","0","0","0"," "," "," "," "," "," "," "," "," "," "," "," "," "," "," "," "," "," "," "," ","1628434432","4698554368","8504041472"," "," "," "," "," "," "," "," ","498335744","233869312"," ","450110","295115","12273712","78524416","333959168","417640448","0","0","20664320","28495872","78524416","55.25084024425604","1590268","1552"," ","2158592","41091072","37142528","1392640000","196493312","14400","100"," "," ","8695","8028160","10"," "," "," "," "," "," "," ","4961"," "," "," "," ","0","0","0","0","1393792","469088","26187","5","0"," "," ","0","0"," ","0"," "," ","0"," "," "," "," "," "," "," "," "," "," "," "," "," "," ","38916096","0"," "," "," "," "," "," "," "," "," "," "," ","0","0","0"," "," ","0","0","1144","69560","40176","0","768","3050","5550","0","0","749280","0","0","1008","0","1608","197648","1400","1048576","307384","57.999999999999993","260","2","0"," "," "," "," "," "," "," "," "," "," "," "," "," "," "," "," "," "," "," "," "," "," ","3"," "," "," "," "," "," "," "
"07/22/2016 20:39:20.138","1524.1559920710527","1524.1559920710527","0","98.458979073636286","5.2228351282724805","37.833659377650243","37.833659377650243","0","99.294532627865962","54.581893070401939","54.581893070401939","0","100","0","0","0","0","0","47.709111913615388","47.709111913615388","0","0","0","3.8033837469595482","27.69130271909145","4.5373700840920925","22.686850420460463","252","49905","0","0","6","7.0588235294117645","0","0","0","0","0","0","0","0","0","0","0","0","0","0","0","0","0","0","0","0","4096","0","4096","0","8192","32","33554432","8192","0","0","0","0","0","0","0","0","0","0","0","0","0","0","0","0","0","0","0","0","0","0","0","0","0","49","0.16295852871728359","0","0","0","0","0","4294893363","0","119.90667707519839","0","0","0","1","0","100","16","1.6681507662103283","0","0","0","9","10321920","9","10321920","10","10485760","0","0","10485760","10","0","0","0","0","0","0","0","0","0","0","0","0","0","0","0","0","0","0","0","0","0","0","2295.3754543054115","1631080448","4685410304","8504041472","0.80071236778095756","328.02516666759897","116.70382760407456","1843.5067747543578","42.104125339148688","42.104125339148688","31.361234404754171","0","493391872","233680896","0","451436","296346","12273633","78794752","333959168","412700672","0","0","20664320","28495872","78794752","55.09627768663826","1592852","1555","34.363905783932765","4460544","40697856","36970496","1393152000","196497408","14400","100","157.6068843915518","0","8695","8028160","10","0","0","0","0","0","0","0","4976","0","0","0","0","0","0","0","0","1393792","469088","26187","5","0","0","0","0","0","0.26690412259365254","0","0","0","0","0","0","0","0","0","0","0","0","0","0","0","0","0","0","38916096","0","0","0","0","0","0","0","0","0","0","0","0","0","0","0","0","0","0","0","1144","69560","40936","0","768","3050","5550","0","0","750240","0","0","1008","0","1608","196696","1400","1048576","307192","57.897071872227158","211","0","0","0","0","0","0","0.26690412259365254","0","0","0","0","0","0.26690412259365254","0","0","0","0","18.236137271006303","11.155541406056816","7.0634382669403442","11952.433691958298","0.28670817349896022","0.46915828343229604","710.2318702217093","5","80.647337743513503","5.2531475341310854","75.394189542135081","0","1433.275138327914","10438.486782576452","0"
"07/22/2016 20:39:35.146","946.0098104826036","946.0098104826036","0","99.60557825045781","9.0576137484152692","39.17831867613544","39.17831867613544","0","99.149659863945587","283.64303163998051","283.64303163998051","0","99.812074230678888","0","0","0","0","0.066629793666897003","278.24601835296187","278.24601835296187","0","0","0","1.066076698670352","15.058333368718722","1.3325958733379399","13.3259587333794","512","49890","0","0","6","7.0588235294117645","0","0","0","0","0","0","0","0","0","0","0","0","0","0","0","0","0","0","0","0","4096","0","4096","0","8192","32","33554432","8192","0","0","0","0","0","0","0","0","0","0","0","0","0","0","0","0","0","0","0","0","0","0","0","0","0","49","0.16295852871728359","0","0","0","0","0","4294893363","0","40.910693311474759","0","0","0","1","0","100","2.666666666666667","4.9972345250172747","0","0","0","9","10321920","9","10321920","10","10485760","0","0","10485760","10","0","0","0","0","0","0","0","0","0","0","0","0","0","0","0","0","0","0","0","0","0","0","2616.4187377117114","1613459456","4716855296","8504041472","21.78794252907532","669.96257532064931","81.954646210283315","1862.7691415454394","5.3970132870186571","5.3970132870186571","1.799004429006219","0","493383680","233906176","0","452034","297480","12273402","79876096","333959168","412684288","0","0","20664320","28495872","79876096","55.466042957698313","1575644","1538","300.30048005670477","7495680","41324544","18780160","1391464448","195719168","14400","100","148.71769946451411","0","8695","8028160","10","0","0","0","0","0","0","0","4991","0","0","0","0","0","0","0","0","1393792","469088","26187","5","0","0","0","0","0","0.53303834933517602","0","0","0","0","0","0","0","0","0","0","0","0","0","0","0","0","0","0","38916096","0","0","0","0","0","0","0","0","0","0","0","0","0","0","0","0","0","0","0","1144","69560","40472","0","768","3050","5550","0","0","748920","0","0","1008","0","1608","197408","1400","1048576","307440","57.794508414526128","260","2","0","0","0","0","0","0.26651917466758801","0","0","0","0","0","0.26651917466758801","0","0","0","0","14.318278729669565","9.3958384817324596","4.8670968937660462","8076.9302180949217","0.078081429855698367","0.078082096153409344","581.01180077534184","6","83.730419784015467","4.9909589730449326","78.73946147726825","0","548.6297210532299","7786.8240964692523","0"
"07/22/2016 20:39:50.133","205.57798381063583","205.57798381063583","0","98.83154819863681","47.452125933138589","46.039860054962261","46.039860054962261","0","99.275362318840578","140.12131321075472","140.12131321075472","0","100","0","0","0","0","0","133.98266520342642","133.98266520342642","0","0","0","6.2053724421905656","37.29895908800566","5.2045059192566034","17.54852636877547","376","49680","0","0","6","7.0588235294117645","0","0","0","0","0","0","0","0","0","0","0","0","0","0","0","0","0","0","0","0","4096","0","4096","0","8192","32","33554432","8192","0","0","0","0","0","0","0","0","0","0","0","0","0","0","0","0","0","0","0","0","0","0","0","0","0","49","0.16295852871728359","0","0","0","0","0","4294893363","0","39.100518829286791","0","0","0","1","0","100","3.0303030303030303","4.4038127009094339","0","0","0","9","10321920","9","10321920","10","10485760","0","0","10485760","10","0","0","0","0","0","0","0","0","0","0","0","0","0","0","0","0","0","0","0","0","0","0","1963.7668424312963","1623695360","4700741632","8504041472","4.8041593100830182","371.58837774794904","49.576255102662259","1540.8006498394036","7.5398611394358488","7.5398611394358488","1.4679375669698111","0","493391872","233701376","0","451618","297122","12273506","79130624","333959168","412741632","0","0","20664320","28495872","79130624","55.276560532747133","1585640","1548","0","16494592","41377792","18919424","1392332800","195948544","14400","100","22.019063504547169","0","8695","8028160","10","0","0","0","0","0","0","0","5006","0","0","0","0","0","0","0","0","1393792","469088","26187","5","0","0","0","0","0","0.93414208807169807","0","0","0","0","0","0","0","0","0","0","0","0","0","0","0","0","0","0","38916096","0","0","0","0","0","0","0","0","0","0","0","0","0","0","0","0","0","0","0","1144","69560","40272","0","768","3050","5550","0","0","749280","0","0","1008","0","1608","197688","1400","1048576","307520","57.83185840707965","260","2","0","0","0","0","0","0.1334488697245283","0","0","0","0","0","0","0","0","0","0","12.945503917146228","7.7932022284643203","5.238907963579658","6861.340361321485","0.36489908537723142","0.2606422038408796","796.88992556002074","32","84.750541773804102","3.7855977281888378","80.964944045615255","0","352.63863824706601","7456.1219736837074","0"
"07/22/2016 20:40:05.136","358.12063640023257","358.12063640023257","0","96.687139400707238","32.142192443699983","53.85473184652669","53.85473184652669","0","99.133663366336634","69.851186850445501","69.851186850445501","0"," ","0","0","0","0","3.865809959280381","62.386174515283393","62.386174515283393","0","0","0","4.0657656468293659","38.858055280352794","2.5994239381368081","17.396144816761716","346","49437","0","0","6","7.0588235294117645","0","0","0","0","0","0","0","0","0","0","0","0","0","0","0","0","0","0","0","0","4096","0","4096","0","8192","32","33554432","8192","0","0","0","0","0","0","0","0","0","0","0","0","0","0","0","0","0","0","0","0","0","0","0","0","0","49","0.16295852871728359","0","0","0","0","0","4294893363","0","35.192201008621403","0","0","0","1","0","100","4.8780487804878048","5.4654554596722633","0","0","0","9","10321920","9","10321920","10","10485760","0","0","10485760","10","0","0","0","0","0","0","0","0","0","0","0","0","0","0","0","0","0","0","0","0","0","0","3189.2932164063145","1608507392","4715634688","8504041472","12.063993148788775","1349.8341947473496","188.42490956699373","1625.9729992524983","156.76525903840442","156.76525903840442","30.993131570092711","0","498855936","233758720","0","452293","297206","12273552","82161664","333959168","418201600","0","0","20664320","28495872","82161664","55.45168968809093","1570808","1533","138.56929147144677","3670016","45658112","14934016","1394196480","195706880","14400","100","15.729847420520171","0","8695","8028160","10","0","0","0","0","0","0","0","5021","0","0","0","0","0","0","0","0","1393792","469088","26187","5","0","0","0","0","0","0.53321516679729397","0","0","0","0","0","0","0","0","0","0","0","0","0","0","0","0","0","0","38916096","0","0","0","0","0","0","0","0","0","0","0","0","0","0","0","0","0","0","0","1144","69560","40272","0","768","3050","5550","0","0","749280","0","0","1008","0","1608","197688","1400","1048576","307520","57.906360424028271","260","2","0","0","0","0","0","0.26660758339864699","0","0","0","0","0","0","0","0","0","0","12.884038069951554","8.3314727488390616","4.5302383071812402","5966.0111975032223","0.31243022808146487","0.2343223378021887","711.9755514660867","5","85.245047076086962","4.3241609950332558","80.920886081053709","0","321.59539747461793","6879.0088668518893","0"
"07/22/2016 20:40:20.140","162.76237062842429","162.76237062842429","0","95.823095823095827","40.622440622440621","31.592696018785063","31.592696018785063","0","99.156118143459921","43.723224869879751","43.723224869879751","0","99.542682926829272","0","0","0","0","0.86646634650676335","38.591078048262766","38.591078048262766","0","0","0","5.0654955641933856","31.192788474243478","4.932193049346191","20.861843573585915","197","49286","0","0","6","7.0588235294117645","0","0","0","0","0","0","0","0","0","0","0","0","0","0","0","0","0","0","0","0","4096","0","4096","0","8192","32","33554432","8192","0","0","0","0","0","0","0","0","0","0","0","0","0","0","0","0","0","0","0","0","0","0","0","0","0","49","0.16295852871728359","0","0","0","0","0","4294893363","0","0","0","0","0","1","0","0","0","0","0","0","0","9","10321920","9","10321920","10","10485760","0","0","10485760","10","0","0","0","0","0","0","0","0","0","0","0","0","0","0","0","0","0","0","0","0","0","0","1706.8054001034766","1597644800","4733468672","8504041472","12.397133880789076","757.62484313402911","41.790338404595431","890.06089163471665","76.382341007442363","76.382341007442363","11.997226336247492","0","498790400","233701376","0","452507","297220","12273629","81997824","333959168","418213888","0","0","20664320","28495872","81997824","55.661401553428355","1560200","1523","102.84289020461044","2588672","44773376","4546560","1396297728","194215936","14400","100","40.790569543241475","0","8695","8028160","10","0","0","0","0","0","0","0","5036","0","0","0","0","0","0","0","0","1393792","469088","26187","5","0","0","0","0","0","0.26660502969438871","0","0","0","0","0","0","0","0","0","0","0","0","0","0","0","0","0","0","38916096","0","0","0","0","0","0","0","0","0","0","0","0","0","0","0","0","0","0","0","1144","69560","40872","0","768","3050","5550","0","0","51600","0","0","1008","0","1608","196760","1400","307200","307192","57.892416225749557","211","0","0","0","0","0","0","0.26660502969438871","0","0","0","0","0","0.13330251484719435","0","0","0","0","8.5888184982560123","5.7799151863868561","2.7858153104788648","5928.2294402844273","0.15621392395640149","0.13017860322003902","485.15450278636388","4","89.199237661387812","2.4500708473051898","86.749166814082628","0","453.82841179727319","7292.9139360325798","0"
"07/22/2016 20:40:35.143","181.82667251912795","181.82667251912795","0","96.700879765395896","43.878299120234601","40.457767675627075","40.457767675627075","0","99.341021416803954","53.12164882615285","53.12164882615285","0","99.623588456712682","0","0","0","0","0","50.055656547604507","50.055656547604507","0","0","0","3.465904314880738","60.453369492246715","2.8660362603821485","46.656404238779167","67","49050","0","0","6","7.0588235294117645","0","0","0","0","0","0","0","0","0","0","0","0","0","0","0","0","0","0","0","0","4096","0","4096","0","8192","32","33554432","8192","0","0","0","0","0","0","0","0","0","0","0","0","0","0","0","0","0","0","0","0","0","0","0","0","0","49","0.16295852871728359","0","0","0","0","0","4294893363","0","38.191599469743515","0","0","0","1","0","100","3.0303030303030303","4.3990323996563214","0","0","0","9","10321920","9","10321920","10","10485760","0","0","10485760","10","0","0","0","0","0","0","0","0","0","0","0","0","0","0","0","0","0","0","0","0","0","0","2404.1378584182348","1603420160","4714065920","8504041472","20.662121877173629","848.28008106706056","93.71272051389073","1418.4879928709975","259.40960756761217","259.40960756761217","44.19028001472941","0","498642944","233734144","0","452145","297024","12273658","83386368","333959168","418144256","0","0","20664320","28495872","83386368","55.433242365072047","1565840","1529","557.61068265946642","26546176","44437504","13688832","1367457792","195727360","14400","100","84.514743678245694","0","8695","8028160","10","0","0","0","0","0","0","0","5052","0","0","0","0","0","0","0","0","1393792","469088","26187","5","0","0","0","0","0","0.53321604844319048","0","0","0","0","0","0","0","0","0","0","0","0","0","0","0","0","0","0","38916096","0","0","0","0","0","0","0","0","0","0","0","0","0","0","0","0","0","0","0","1144","69560","40376","0","768","3050","5550","0","0","89400","0","0","1008","0","1608","197504","1400","307440","307440","57.87852112676056","260","2","0","0","0","0","0","0.26660802422159524","0","0","0","0","0","0.13330401211079762","0","0","0","0","15.669662700677945","10.388330853958573","5.2592553880152906","9948.2118158046051","0.41657468419923088","0.52071835524903864","561.07658697434715","4","82.64439290041831","5.4149043530194909","77.229487880879304","0","1253.5909298899408","9379.2036401096648","0"
"07/22/2016 20:40:50.147","194.68814533213964","194.68814533213964","0","95.51523450872989","42.074631975350904","38.657694040616569","38.657694040616569","0","99.137931034482762","43.789836180491527","43.789836180491527","0","100","0","0","0","0","0","39.4575084000776","39.4575084000776","0","0","0","4.3323277804139257","25.993966682483553","4.5989325669009364","25.927315485861801","60","48909","0","0","6","7.0588235294117645","0","0","0","0","0","0","0","0","0","0","0","0","0","0","0","0","0","0","0","0","4096","0","4096","0","8192","32","33554432","8192","0","0","0","0","0","0","0","0","0","0","0","0","0","0","0","0","0","0","0","0","0","0","0","0","0","49","0.16295852871728359","0","0","0","0","0","4294893363","0","75.115898592715297","0","0","0","1","0","100","3.3783783783783785","9.8643771000194","0","0","0","9","10321920","9","10321920","10","10485760","0","0","10485760","10","0","0","0","0","0","0","0","0","0","0","0","0","0","0","0","0","0","0","0","0","0","0","1428.8017019805127","1595330560","4726206464","8504041472","20.195312576391068","490.28620234961284","45.589418489278849","883.26165763146673","10.664191459480431","10.664191459480431","1.5996287189220648","0","498671616","233721856","0","452572","297360","12273479","83734528","333959168","418177024","0","0","20664320","28495872","83734528","55.57600441579784","1557940","1521","0","19443712","53313536","14041088","1366265856","195579904","14400","100","86.246648428547999","0","8695","8028160","10","0","0","0","0","0","0","0","5066","0","0","0","0","0","0","0","0","1393792","469088","26187","5","0","0","0","0","0","0.93311675270453776","0","0","0","0","0","0","0","0","0","0","0","0","0","0","0","0","0","0","38916096","0","0","0","0","0","0","0","0","0","0","0","0","0","0","0","0","0","0","0","1088","69560","41728","0","768","3050","5550","0","0","749400","0","0","1008","0","1608","197360","1400","1048576","308648","57.827616534740542","260","2","0","0","0","0","0","0.1333023932435054","0","0","0","0","0","0.1333023932435054","0","0","0","0","12.467901411868986","8.3574672121359068","4.0876080779077064","6676.0504584212376","0.18225038980600208","0.18224972329150957","409.50495204404859","5","86.107729790519087","4.7416254236940985","81.36610503333948","0","711.76812872369703","7267.3132236528054","0"
"07/22/2016 20:41:05.134","163.74021640694295","163.74021640694295","0","95.884270578647104","47.555012224938878","36.297749684342691","36.297749684342691","0","99.264705882352942","46.37304417393046","46.37304417393046","0","100","0","0","0","0","0","42.236168290788456","42.236168290788456","0","0","0","3.8032568603079655","26.022283781054501","3.8699806648747721","21.751960288778889","53","48804","0","0","6","7.0588235294117645","0","0","0","0","0","0","0","0","0","0","0","0","0","0","0","0","0","0","0","0","4096","0","4096","0","8192","32","33554432","8192","0","0","0","0","0","0","0","0","0","0","0","0","0","0","0","0","0","0","0","0","0","0","0","0","0","49","0.16295852871728359","0","0","0","0","0","4294893363","0","0","0","0","0","1","0","0","0","0","0","0","0","9","10321920","9","10321920","10","10485760","0","0","10485760","10","0","0","0","0","0","0","0","0","0","0","0","0","0","0","0","0","0","0","0","0","0","0","1457.247891739052","1604128768","4716556288","8504041472","1.7348189187369667","268.16297055399497","42.703234922756103","1143.1122198385274","20.817827024843602","20.817827024843602","3.0025712055062885","0","498647040","233693184","0","452496","297050","12273586","83161088","333959168","418152448","0","0","20664320","28495872","83161088","55.462526888297845","1566532","1529","0","25468928","53387264","14327808","1368383488","195956736","14400","100","15.746817877766313","0","8695","8028160","10","0","0","0","0","0","0","0","5081","0","0","0","0","0","0","0","0","1393792","469088","26187","5","0","0","0","0","0","0.53379043653445135","0","0","0","0","0","0","0","0","0","0","0","0","0","0","0","0","0","0","38916096","0","0","0","0","0","0","0","0","0","0","0","0","0","0","0","0","0","0","0","1088","69560","41728","0","768","3050","5550","0","0","749640","0","0","1008","0","1608","197360","1400","1048576","308648","57.901668129938543","260","2","0","0","0","0","0","0.26689521826722568","0","0","0","0","0","0","0","0","0","0","9.5318525110834162","6.4378078909150576","3.1798081109035667","5224.8742404083432","0.28670367638029026","0.23457634180062228","540.5962646002655","9","87.996701039787666","2.1515970368341968","85.845104002953462","0","146.45875102414007","6775.6021823454912","0"
"07/22/2016 20:41:20.135","158.05737352322549","158.05737352322549","0","94.306199915647397","48.924504428511177","36.664510939592589","36.664510939592589","0","99.090909090909093","46.730585761189822","46.663923014026928","0.066662747162895608","99.85734664764621","0","0","0","0","0","42.597495437090295","42.597495437090295","0","0","0","3.9331020826108412","18.665569205610772","4.3330785655882149","22.532008541058715","140","48906","0","0","6","7.0588235294117645","0","0","0","0","0","0","0","0","0","0","0","0","0","0","0","0","0","0","0","0","4096","0","4096","0","8192","32","33554432","8192","0","0","0","0","0","0","0","0","0","0","0","0","0","0","0","0","0","0","0","0","0","0","0","0","0","49","0.16295852871728359","0","0","0","0","0","4294893363","0","29.731585234651444","0","0","0","1","0","100","7.6923076923076925","3.4664628524705718","0","0","0","9","10321920","9","10321920","10","10485760","0","0","10485760","10","0","0","0","0","0","0","0","0","0","0","0","0","0","0","0","0","0","0","0","0","0","0","1357.0535439950659","1599897600","4717998080","8504041472","0","307.84856639825193","45.930632795235077","998.00798777571015","11.732643500669628","11.732643500669628","1.6665686790723904","0","498671616","233668608","0","452489","296848","12273730","83435520","333959168","418168832","0","0","20664320","28495872","83435520","55.479481085954895","1562400","1525","0","22855680","51671040","14827520","1366261760","195952640","14400","100","38.13109137717629","0","8695","8028160","10","0","0","0","0","0","0","0","5096","0","0","0","0","0","0","0","0","1393792","469088","26187","5","0","0","0","0","0","0.26665098865158243","0","0","0","0","0","0","0","0","0","0","0","0","0","0","0","0","0","0","38916096","0","0","0","0","0","0","0","0","0","0","0","0","0","0","0","0","0","0","0","1088","69560","41536","0","768","3050","5550","0","0","749160","0","0","1008","0","1608","197784","1400","1048576","308880","57.887817703768633","274","4","0","0","0","0","0","0.26665098865158243","0","0","0","0","0","0.13332549432579122","0","0","0","0","8.2605998854134004","5.9631915631091417","2.2915320009694096","4477.6700641845355","0.39060237893353134","0.18228062130882108","485.8381013231832","3","89.56612383078955","2.8469740261597294","86.719149804629808","0","205.58791225037007","6234.3667774211608","0"
"07/22/2016 20:41:35.138","152.43461099875762","152.43461099875762","0","99.125491910800179","50.371665937909924","35.792473155370722","35.792473155370722","0","99.068901303538169","46.390244536569874","46.390244536569874","0","100","0","0","0","0","0","42.191127574207947","42.191127574207947","0","0","0","3.1326745592223912","13.663793290225323","2.9993692588299488","11.130992582768922","368","48907","0","0","6","7.0588235294117645","0","0","0","0","0","0","0","0","0","0","0","0","0","0","0","0","0","0","0","0","4096","0","4096","0","8192","32","33554432","8192","0","0","0","0","0","0","0","0","0","0","0","0","0","0","0","0","0","0","0","0","0","0","0","0","0","49","0.16295852871728359","0","0","0","0","0","4294893363","0","63.919891538176024","0","0","0","1","0","100","5.6179775280898872","5.9320858674636767","0","0","0","9","10321920","9","10321920","10","10485760","0","0","10485760","10","0","0","0","0","0","0","0","0","0","0","0","0","0","0","0","0","0","0","0","0","0","0","1176.0193600621249","1601777664","4713558016","8504041472","0.066652650196221089","211.1555958216284","31.126787641635246","933.27040804748765","2.7327586580450647","2.7327586580450647","0.79983180235465301","0","498753536","233705472","0","452431","296679","12273794","81952768","333959168","418226176","0","0","20664320","28495872","81952768","55.427269863624673","1564236","1527","0","23085056","51802112","14876672","1367842816","195973120","14400","100","79.983180235465298","0","8695","8028160","10","0","0","0","0","0","0","0","5111","0","0","0","0","0","0","0","0","1393792","469088","26187","5","0","0","0","0","0","0.53322120156976871","0","0","0","0","0","0","0","0","0","0","0","0","0","0","0","0","0","0","38916096","0","0","0","0","0","0","0","0","0","0","0","0","0","0","0","0","0","0","0","1088","69560","41592","0","768","3050","5550","0","0","749040","0","0","1008","0","1608","197264","1400","1048576","308416","57.874015748031496","260","2","0","0","0","0","0","0.26661060078488436","0","0","0","0","0","0.13330530039244218","0","0","0","0","15.955276579599731","10.987259381477358","4.946870337631986","11166.518445323507","0.2082892773739784","0.33847040899555864","467.76829907707958","3","82.767612879641121","4.6846624647598709","78.08294974835556","0","1157.1566600565943","10673.755402422845","0"
"07/22/2016 20:41:50.141","156.097396184139","156.097396184139","0","95.68744662681469","50.512382578992309","37.124786368302914","37.124786368302914","0","99.281867145421899","46.855879384051974","46.855879384051974","0","100","0","0","0","0","0","42.590194774408545","42.590194774408545","0","0","0","5.398757084079957","46.389320129872225","4.5989412197718149","25.06089708165511","24","48955","0","0","6","7.0588235294117645","0","0","0","0","0","0","0","0","0","0","0","0","0","0","0","0","0","0","0","0","4096","0","4096","0","8192","32","33554432","8192","0","0","0","0","0","0","0","0","0","0","0","0","0","0","0","0","0","0","0","0","0","0","0","0","0","49","0.16295852871728359","0","0","0","0","0","4294893363","0","38.191207520713768","0","0","0","1","0","100","3.0303030303030303","4.3989872536947798","0","0","0","9","10321920","9","10321920","10","10485760","0","0","10485760","10","0","0","0","0","0","0","0","0","0","0","0","0","0","0","0","0","0","0","0","0","0","0","1322.0956237013584","1607237632","4712333312","8504041472","0.066651322025678486","196.0215380775204","43.123405350613979","1082.6174236630955","6.9983888126962404","6.9983888126962404","0.99976983038517719","0","498757632","233717760","0","452239","296531","12273872","82485248","333959168","418189312","0","0","20664320","28495872","82485248","55.412868428683041","1569568","1532","0","28655616","52584448","14950400","1367633920","195997696","14400","100","105.84229937677742","0","8695","8028160","10","0","0","0","0","0","0","0","5126","0","0","0","0","0","0","0","0","1393792","469088","26187","5","0","0","0","0","0","0.93311850835949872","0","0","0","0","0","0","0","0","0","0","0","0","0","0","0","0","0","0","38916096","0","0","0","0","0","0","0","0","0","0","0","0","0","0","0","0","0","0","0","1112","69560","40944","0","768","3050","5550","0","0","750240","0","0","1008","0","1608","196672","1400","1048576","307176","57.823426573426573","211","0","0","0","0","0","0","0.13330264405135697","0","0","0","0","0","0.13330264405135697","0","0","0","0","12.572186484773029","9.138523354606507","3.4106744161914073","6542.8270266507279","0.20828544017921855","0.20828544017921855","403.90701147561157","3","85.535896542615646","4.2055143173711969","81.330382891757864","0","610.79271504331757","7251.7971390378698","0"
"07/22/2016 20:42:05.144","148.63697775862013","148.63697775862013","0","99.820627802690581","49.775784753363226","34.259823573063116","34.259823573063116","0","99.221789883268485","46.190773805705724","46.190773805705724","0","100","0","0","0","0","0","42.191572610406524","42.191572610406524","0","0","0","2.3328673639245312","5.7321883799288482","2.9327475432194108","10.731189874052845","270","48974","0","0","6","7.0588235294117645","0","0","0","0","0","0","0","0","0","0","0","0","0","0","0","0","0","0","0","0","4096","0","4096","0","8192","32","33554432","8192","0","0","0","0","0","0","0","0","0","0","0","0","0","0","0","0","0","0","0","0","0","0","0","0","0","49","0.16295852871728359","0","0","0","0","0","4294893363","0","0","0","0","0","1","0","0","0","0","0","0","0","9","10321920","9","10321920","10","10485760","0","0","10485760","10","0","0","0","0","0","0","0","0","0","0","0","0","0","0","0","0","0","0","0","0","0","0","1067.5201057318657","1602240512","4720390144","8504041472","0.066653353254986614","199.76009970519488","28.860901959409205","838.2992238879666","0.53322682603989291","0.53322682603989291","0.53322682603989291","0","498720768","233644032","0","452524","296590","12273893","82714624","333959168","418107392","0","0","20664320","28495872","82714624","55.507609641158631","1564688","1528","0","22278144","52748288","16834560","1367121920","196005888","14400","100","79.984023905983932","0","8695","8028160","10","0","0","0","0","0","0","0","5141","0","0","0","0","0","0","0","0","1393792","469088","26187","5","0","0","0","0","0","0.53322682603989291","0","0","0","0","0","0","0","0","0","0","0","0","0","0","0","0","0","0","38916096","0","0","0","0","0","0","0","0","0","0","0","0","0","0","0","0","0","0","0","1112","69560","40744","0","768","3050","5550","0","0","749520","0","0","1008","0","1608","197368","1400","1048576","307672","55.970982142857139","260","2","0","0","0","0","0","0.26661341301994645","0","0","0","0","0","0.13330670650997323","0","0","0","0","6.5812236139551334","4.5824148951906061","1.978770068377762","4317.737570504778","0.26036448268128448","0.20829158614502755","405.91892132286847","2","91.575797101572917","1.9194312947836907","89.656365140256156","0","122.17559651639046","6656.0705093962179","0"
"07/22/2016 20:42:20.136","154.15314439519108","154.15314439519108","0","93.509303331890962","49.54565123323237","35.953502738644737","35.953502738644737","0","99.257884972170686","48.160350607238406","48.160350607238406","0","100","0","0","0","0","0","44.091401317707181","44.091401317707181","0","0","0","4.8026942433811151","41.690054196016625","4.1356533762448491","24.413695737187336","14","49017","0","0","6","7.0588235294117645","0","0","0","0","0","0","0","0","0","0","0","0","0","0","0","0","0","0","0","0","4096","0","4096","0","8192","32","33554432","8192","0","0","0","0","0","0","0","0","0","0","0","0","0","0","0","0","0","0","0","0","0","0","0","0","0","49","0.16295852871728359","0","0","0","0","0","4294893363","0","0","0","0","0","1","0","0","0","0","0","0","0","9","10321920","9","10321920","10","10485760","0","0","10485760","10","0","0","0","0","0","0","0","0","0","0","0","0","0","0","0","0","0","0","0","0","0","0","982.15097277143798","1612705792","4708167680","8504041472","0","199.71203562059804","51.762371289774237","730.3430454274976","10.272429353898495","10.272429353898495","1.2673776475589054","0","493211648","233648128","0","451043","296467","12273912","82427904","333959168","412590080","0","0","20664320","28495872","82427904","55.363884283747765","1574908","1537","0","32096256","52436992","16883712","1367715840","196009984","14400","100","36.287023172212869","0","8695","8028160","10","0","0","0","0","0","0","0","5156","0","0","0","0","0","0","0","0","1393792","469088","26187","5","0","0","0","0","0","0.26681634685450639","0","0","0","0","0","0","0","0","0","0","0","0","0","0","0","0","0","0","38916096","0","0","0","0","0","0","0","0","0","0","0","0","0","0","0","0","0","0","0","1112","69560","40280","0","768","3050","5550","0","0","749040","0","0","1008","0","1608","197864","1400","1048576","307704","55.957683741648111","274","4","0","0","0","0","0","0.26681634685450639","0","0","0","0","0","0.1334081734272532","0","0","0","0","6.5098369911771314","4.7161986346909215","1.8500001050591797","4551.4199487308833","0.078168699094866803","0.33873214114844225","400.09111210833231","4","91.34437228490809","2.3044781125207829","89.039894172387307","0","135.94292872237099","6805.7512633046081","0"
"07/22/2016 20:42:35.148","146.35187337207199","146.35187337207199","0","99.863450159308144","51.115157032316795","35.105797572636298","35.105797572636298","0","99.24098671726756","46.430248402518977","46.430248402518977","0","100","0","0","0","0","0","42.166925737151381","42.166925737151381","0","0","0","0","0","0.73275858311005548","6.4615984146977627","358","49036","0","0","6","7.0588235294117645","0","0","0","0","0","0","0","0","0","0","0","0","0","0","0","0","0","0","0","0","4096","0","4096","0","8192","32","33554432","8192","0","0","0","0","0","0","0","0","0","0","0","0","0","0","0","0","0","0","0","0","0","0","0","0","0","49","0.16295852871728359","0","0","0","0","0","4294893363","0","39.036048154772047","0","0","0","1","0","100","3.0303030303030303","4.3965514986603331","0","0","0","9","10321920","9","10321920","10","10485760","0","0","10485760","10","0","0","0","0","0","0","0","0","0","0","0","0","0","0","0","0","0","0","0","0","0","0","1036.8533951007287","1611104256","4693491712","8504041472","0.06661441664636869","193.24842269111556","24.780562992449152","818.22487966734661","2.2648901659765355","2.2648901659765355","0.6661441664636869","0","493289472","233693184","0","451208","296375","12273913","82649088","333959168","412663808","0","0","20664320","28495872","82649088","55.191307891119365","1573344","1536","0","30826496","52838400","17051648","1367212032","196014080","14400","100","84.467080307595495","0","8695","8028160","10","0","0","0","0","0","0","0","5171","0","0","0","0","0","0","0","0","1393792","469088","26187","5","0","0","0","0","0","0.53291533317094952","0","0","0","0","0","0","0","0","0","0","0","0","0","0","0","0","0","0","38916096","0","0","0","0","0","0","0","0","0","0","0","0","0","0","0","0","0","0","0","1112","69560","41056","0","768","3050","5550","0","0","51600","0","0","1008","0","1608","196576","1400","307200","307192","55.944444444444443","211","0","0","0","0","0","0","0.26645766658547476","0","0","0","0","0","0.13322883329273738","0","0","0","0","14.026131179966562","9.9140565738399573","4.0332780773519081","9309.6311839966093","0.13010606675716951","0.26021146737298256","385.56424354918192","2","85.362740747483073","4.4591275914364275","80.903613822188007","0","1050.3761216799414","9500.8811741883346","0"
"07/22/2016 20:42:50.135","154.33119099896513","154.33119099896513","0","95.676610462602682","51.275399913532205","37.231649190411822","37.231649190411822","0","99.283154121863802","46.906540109067222","46.906540109067222","0","100","0","0","0","0","0","42.63624342772966","42.63624342772966","0","0","0","4.4037434526293548","44.838115154044338","3.2027225110031674","21.017866478458284","41","49134","0","0","6","7.0588235294117645","0","0","0","0","0","0","0","0","0","0","0","0","0","0","0","0","0","0","0","0","4096","0","4096","0","8192","32","33554432","8192","0","0","0","0","0","0","0","0","0","0","0","0","0","0","0","0","0","0","0","0","0","0","0","0","0","49","0.16295852871728359","0","0","0","0","0","4294893363","0","39.099903988496997","0","0","0","1","0","100","3.0303030303030303","4.4037434526293548","0","0","0","9","10321920","9","10321920","10","10485760","0","0","10485760","10","0","0","0","0","0","0","0","0","0","0","0","0","0","0","0","0","0","0","0","0","0","0","1318.9878874481376","1612128256","4700102656","8504041472","0.13344677129179863","238.06903998456878","47.440327194234413","1032.5443928702919","6.9392321071735292","6.9392321071735292","0.93412739904259046","0","493256704","233689088","0","451105","296170","12274003","82173952","333959168","412626944","0","0","20664320","28495872","82173952","55.26904674060367","1574344","1537","0","32747520","52748288","15253504","1368080384","196046848","14400","100","86.340061025793716","0","8695","8028160","10","0","0","0","0","0","0","0","5186","0","0","0","0","0","0","0","0","1393792","469088","26187","5","0","0","0","0","0","0.93412739904259046","0","0","0","0","0","0","0","0","0","0","0","0","0","0","0","0","0","0","38916096","0","0","0","0","0","0","0","0","0","0","0","0","0","0","0","0","0","0","0","1120","69560","40968","0","768","3050","5550","0","0","51600","0","0","1008","0","1608","196664","1400","307200","307192","55.882352941176471","211","0","0","0","0","0","0","0.13344677129179863","0","0","0","0","0","0.13344677129179863","0","0","0","0","11.617569971719554","8.2882962674441139","3.414360707374172","6752.4066273650105","0.23457408904655597","0.13031945731890815","448.2477047691516","18","86.94040476197371","4.0425167321247599","82.897887362615037","0","515.03781380069688","7624.6814479138529","0"
"07/22/2016 20:43:05.138","165.76460704181977","165.76460704181977","0","95.255327704061116","44.39083232810615","34.259351837352376","34.259351837352376","0","99.221789883268485","47.189924320711057","47.189924320711057","0"," ","0","0","0","0","3.8658412579113577","41.857729482212633","41.857729482212633","0","0","0","2.6660974192492124","10.597737241515619","3.2659693385802848","14.063663886539594","258","49118","0","0","6","7.0588235294117645","0","0","0","0","0","0","0","0","0","0","0","0","0","0","0","0","0","0","0","0","4096","0","4096","0","8192","32","33554432","8192","0","0","0","0","0","0","0","0","0","0","0","0","0","0","0","0","0","0","0","0","0","0","0","0","0","49","0.16295852871728359","0","0","0","0","0","4294893363","0","0","0","0","0","1","0","0","0","0","0","0","0","9","10321920","9","10321920","10","10485760","0","0","10485760","10","0","0","0","0","0","0","0","0","0","0","0","0","0","0","0","0","0","0","0","0","0","0","4844.4323156467808","1609388032","4709748736","8504041472","0.46656704836861213","3345.219084367468","134.03804775275415","1363.5088726395284","94.246543770459652","94.246543770459652","1.6663108870307577","0","498704384","233680896","0","451351","296294","12273850","81956864","333959168","418041856","0","0","20664320","28495872","81956864","55.382476102769409","1571668","1534","0","23535616","54497280","19513344","1370279936","196059136","14400","100","84.515288190200025","0","8695","8028160","10","0","0","0","0","0","0","0","5202","0","0","0","0","0","0","0","0","1393792","469088","26187","5","0","0","0","0","0","0.53321948384984241","0","0","0","0","0","0","0","0","0","0","0","0","0","0","0","0","0","0","38916096","0","0","0","0","0","0","0","0","0","0","0","0","0","0","0","0","0","0","0","1120","69560","40808","0","768","3050","5550","0","0","749520","0","0","1008","0","1608","197400","1400","1048576","307768","55.869324473975638","260","2","0","0","0","0","0","0.26660974192492121","0","0","0","0","0","0.1333048709624606","0","0","0","0","8.8213846304921901","5.7539906235715321","3.0462304869556514","5367.054062255108","0.15621693095860847","0.078108132216518189","464.63412773965644","4","88.47558356530034","3.4802212835572215","84.995362948268692","0","333.19552497067031","6404.165958343051","0"
"07/22/2016 20:43:20.134","149.64135464101943","149.64135464101943","0","95.543672014260252","50","35.076360312467116","35.076360312467116","0","99.239543726235752","46.612881860103641","46.612881860103641","0","100","0","0","0","0","0","42.61177612103895","42.61177612103895","0","0","0","3.4676249738560649","30.941884382100273","3.0675143999495957","17.804920538837873","138","49144","0","0","6","7.0588235294117645","0","0","0","0","0","0","0","0","0","0","0","0","0","0","0","0","0","0","0","0","4096","0","4096","0","8192","32","33554432","8192","0","0","0","0","0","0","0","0","0","0","0","0","0","0","0","0","0","0","0","0","0","0","0","0","0","49","0.16295852871728359","0","0","0","0","0","4294893363","0","0","0","0","0","1","0","0","0","0","0","0","0","9","10321920","9","10321920","10","10485760","0","0","10485760","10","0","0","0","0","0","0","0","0","0","0","0","0","0","0","0","0","0","0","0","0","0","0","1191.3292338065116","1608552448","4711956480","8504041472","0","204.72324364880998","38.477300190672103","947.86194958442513","6.9352499477121299","6.9352499477121299","0.9335913391150944","0","498749440","233664512","0","451379","296213","12273942","82235392","333959168","418082816","0","0","20664320","28495872","82235392","55.408437217931763","1570852","1534","0","22097920","54775808","20393984","1369997312","196063232","14400","100","54.214982764326557","0","8695","8028160","10","0","0","0","0","0","0","0","5216","0","0","0","0","0","0","0","0","1393792","469088","26187","5","0","0","0","0","0","3.8677355477625341","0","0","0","0","0","0","0","0","0","0","0","0","0","0","0","0","0","0","38916096","0","0","0","0","0","0","0","0","0","0","0","0","0","0","0","0","0","0","0","1120","69560","40512","0","768","3050","5550","0","0","748440","0","0","1008","0","1608","198408","1400","1048576","308480","55.794701986754966","307","6","0","0","0","0","0","0.40011057390646904","0","0","0","0","0","0.26674038260431271","0","0","0","0","7.7348186147431441","5.4702676710626594","2.2923026431119715","4914.3581240062058","0.13024480178447376","0.31258672406072341","471.86373682702913","5","90.040203420703705","2.3998084695284527","87.640394284323577","0","173.64798907540757","6790.0098093840816","0"
"07/22/2016 20:43:35.137","150.23440112797968","150.23440112797968","0","97.604259094942321","50.842945874001778","35.792312957287088","35.792312957287088","0","99.255121042830538","46.456689257409863","46.456689257409863","0","100","0","0","0","0","0","42.190938737360753","42.190938737360753","0","0","0","2.7327464269064627","16.129869153935708","2.9993558344095321","14.196950949538452","249","49129","0","0","6","7.0588235294117645","0","0","0","0","0","0","0","0","0","0","0","0","0","0","0","0","0","0","0","0","4096","0","4096","0","8192","32","33554432","8192","0","0","0","0","0","0","0","0","0","0","0","0","0","0","0","0","0","0","0","0","0","0","0","0","0","49","0.16295852871728359","0","0","0","0","0","4294893363","0","39.058278199199684","0","0","0","1","0","100","2.666666666666667","4.9989263906825538","0","0","0","9","10321920","9","10321920","10","10485760","0","0","10485760","10","0","0","0","0","0","0","0","0","0","0","0","0","0","0","0","0","0","0","0","0","0","0","1631.9828356781643","1614209024","4705447936","8504041472","4.7323169831794845","326.1966100800056","33.992699456641368","1269.8606079371202","13.663732134532314","13.663732134532314","1.9995705562730215","0","498761728","233771008","0","451594","296294","12273873","81735680","333959168","418095104","0","0","20664320","28495872","81735680","55.331902501803789","1576376","1539","0","26800128","55414784","20877312","1370497024","196034560","14400","100","15.729955042681102","0","8695","8028160","10","0","0","0","0","0","0","0","5231","0","0","0","0","0","0","0","0","1393792","469088","26187","5","0","0","0","0","0","0.5332188150061391","0","0","0","0","0","0","0","0","0","0","0","0","0","0","0","0","0","0","38916096","0","0","0","0","0","0","0","0","0","0","0","0","0","0","0","0","0","0","0","1120","69560","40512","0","768","3050","5550","0","0","748560","0","0","1008","0","1608","198408","1400","1048576","308480","55.892070484581502","307","6","0","0","0","0","0","0.26660940750306955","0","0","0","0","0","0","0","0","0","0","9.9932585122214146","7.4983921447670383","2.4734276311578096","4833.5619056787746","0.28639658893409015","0.36450517370395324","528.6198027267111","5","87.916337726089182","3.0583075506396082","84.858030841973317","0","163.56487150313316","6416.6885674320019","0"
"07/22/2016 20:43:50.141","158.22286826727154","158.22286826727154","0","99.831508003369834","50.126368997472618","36.789816041926663","36.789816041926663","0","99.275362318840578","46.853696879482683","46.853696879482683","0","100","0","0","0","0","0","42.588210961578149","42.588210961578149","0","0","0","3.1324662209611467","21.927263546728028","2.5992804812230794","10.463770142359575","268","49342","0","0","6","7.0588235294117645","0","0","0","0","0","0","0","0","0","0","0","0","0","0","0","0","0","0","0","0","4096","0","4096","0","8192","32","33554432","8192","0","0","0","0","0","0","0","0","0","0","0","0","0","0","0","0","0","0","0","0","0","0","0","0","0","49","0.16295852871728359","0","0","0","0","0","4294893363","0","38.189428608739085","0","0","0","1","0","100","2.666666666666667","4.9986163100443832","0","0","0","9","10321920","9","10321920","10","10485760","0","0","10485760","10","0","0","0","0","0","0","0","0","0","0","0","0","0","0","0","0","0","0","0","0","0","0","1483.9225619085094","1652297728","4700532736","8504041472","0.06664821746725845","227.73695908562212","33.457405168563739","1219.9956207381658","104.63770142359576","0.5331857397380676","0.5331857397380676","104.10451568385768","498790400","234061824","3.9322448305682483","451267","296700","12273455","82010112","333959168","418123776","0","0","20664320","28495872","82010112","55.274104100700228","1613572","1575","0","58851328","1146880","27242496","1370288128","195915776","14400","100","125.36529705591313","0","8695","8028160","10","0","0","0","0","0","0","0","5246","0","0","0","0","0","0","0","0","1393792","469088","26187","5","0","0","0","0","0","8.9975093580798902","0","0","0","0","0","0","0","0","0","0","0","0","0","0","0","0","0","0","38916096","0","0","0","0","0","0","0","0","0","0","0","0","0","0","0","0","0","0","0","1120","69560","40648","0","768","3050","5550","0","0","749160","0","0","1008","0","1608","197624","1400","1048576","307832","55.830583058305827","260","2","0","0","0","0","0","0.1332964349345169","0","0","0","0","0","0.1332964349345169","0","0","0","0","17.470827865240235","11.481187335979701","5.9618869007045392","11505.281836720424","0.41655102654768333","0.31241326991076251","499.99492743937287","4","81.665385266844794","5.6678745224609042","75.997510744383874","0","1277.4463841949425","10814.47306267229","0"
"07/22/2016 20:44:05.145","171.89558732161879","171.89558732161879","0","93.020550601008139","46.994959286545175","37.658397377555104","37.658397377555104","0","99.292035398230084","67.585159187328983","67.585159187328983","0","100","0","0","0","0","0","61.053260173168987","61.053260173168987","0","0","0","5.3321624605387763","34.059187716691433","5.5321185528089805","30.459978055827758","143","50023","0","0","6","7.0588235294117645","0","0","0","0","0","0","0","0","0","0","0","0","0","0","0","0","0","0","0","0","4096","0","4096","0","8192","32","33554432","8192","0","0","0","0","0","0","0","0","0","0","0","0","0","0","0","0","0","0","0","0","0","0","0","0","0","49","0.16295852871728359","0","0","0","0","0","4294893363","0","0","0","0","0","1","0","0","0","0","0","0","0","9","10321920","9","10321920","10","10485760","0","0","10485760","10","0","0","0","0","0","0","0","0","0","0","0","0","0","0","0","0","0","0","0","0","0","0","4775.3513955970147","1651372032","4701163520","8504041472","13.530362243617144","3627.6700779967996","52.655104297820415","1079.6962462283454","24.79455544150531","24.79455544150531","3.065993414809796","0","498688000","234004480","0","451590","296965","12273616","80420864","333959168","418025472","0","0","20664320","28495872","80420864","55.281521562175186","1612668","1574","0","62767104","2330624","22671360","1370427392","195506176","14400","100","157.29879258589389","0","8695","8028160","10","0","0","0","0","0","0","0","5261","0","0","0","0","0","0","0","0","1393792","469088","26187","5","0","0","0","0","0","0.53321624605387763","0","0","0","0","0","0","0","0","0","0","0","0","0","0","0","0","0","0","38916096","0","0","0","0","0","0","0","0","0","0","0","0","0","0","0","0","0","0","0","1120","69560","40248","0","768","3050","5550","0","0","748920","0","0","1008","0","1608","197416","1400","1048576","307224","55.708013172338092","260","2","0","0","0","0","0","0.26660812302693881","0","0","0","0","0","0.26660812302693881","0","0","0","0","13.534685080687481","9.5551856548742382","3.9574609506413743","6858.893877052541","0.36450298229591604","0.20828741845480914","513.88715713442457","3","84.904123068444122","4.4152413708588742","80.488881697585242","0","675.78493984253316","7121.7028343263464","0"
"07/22/2016 20:44:20.148","202.75435044587823","202.75435044587823","0","96.186719263642345","40.466798159105849","38.924569579353346","38.924569579353346","0","99.143835616438352","196.48909438344805","196.48909438344805","0","100","0","0","0","0","0","189.49067005839308","189.49067005839308","0","0","0","3.6658413131240311","30.859718690480477","3.1326280312150812","19.662239770392528","154","50171","0","0","6","7.0588235294117645","0","0","0","0","0","0","0","0","0","0","0","0","0","0","0","0","0","0","0","0","4096","0","4096","0","8192","32","33554432","8192","0","0","0","0","0","0","0","0","0","0","0","0","0","0","0","0","0","0","0","0","0","0","0","0","0","49","0.16295852871728359","0","0","0","0","0","4294893363","0","14.863320233211979","0","0","0","1","0","100","7.6923076923076925","1.7329431662040873","0","0","0","9","10321920","9","10321920","10","10485760","0","0","10485760","10","0","0","0","0","0","0","0","0","0","0","0","0","0","0","0","0","0","0","0","0","0","0","2909.4116210759466","1645531136","4707811328","8504041472","0.46656162167033122","1804.7270042810796","57.453731125689359","1035.1669351659878","22.195002859460043","22.195002859460043","2.6660664095447499","0","498798592","234041344","0","451988","297011","12273381","81461248","333959168","418136064","0","0","20664320","28495872","81461248","55.359693899667747","1606964","1569","0","58028032","2064384","23052288","1368948736","195502080","14400","100","38.924569579353346","0","8695","8028160","10","0","0","0","0","0","0","0","5276","0","0","0","0","0","0","0","0","1393792","469088","26187","5","0","0","0","0","0","0.26660664095447495","0","0","0","0","0","0","0","0","0","0","0","0","0","0","0","0","0","0","38916096","0","0","0","0","0","0","0","0","0","0","0","0","0","0","0","0","0","0","0","1120","69560","39832","0","768","3050","5550","0","0","749040","0","0","1008","0","1608","197928","1400","1048576","307320","55.695509309967136","274","4","0","0","0","0","0","0.26660664095447495","0","0","0","0","0","0.13330332047723747","0","0","0","0","9.6035339302843798","6.0663523724565014","3.6189826113524495","5834.0198206862988","0.20828678817906826","0.23432296996031285","605.86359156904439","5","88.008683659491567","2.8737171533401336","85.134965839633708","0","250.07702921529753","6997.8244601128208","0"
